line_id	trigger_key	rarity	chat_text	sound_event_id	source_ogg_01	source_ogg_02	source_ogg_03	target_ogg_01	target_ogg_02	target_ogg_03
topic_deep_dark_first	first_unlocked	COMMON	We are somewhere we should not be.	bot.line.topic_deep_dark_first	/Users/roti/gemini_projects/ai-player-dialogue/january_2026_batch3/output_ogg/topic_deep_dark_first__01.ogg	/Users/roti/gemini_projects/ai-player-dialogue/january_2026_batch3/output_ogg/topic_deep_dark_first__02.ogg	/Users/roti/gemini_projects/ai-player-dialogue/january_2026_batch3/output_ogg/topic_deep_dark_first__03.ogg	src/main/resources/assets/ai-player/sounds/dialogue/topic_deep_dark_first__01.ogg	src/main/resources/assets/ai-player/sounds/dialogue/topic_deep_dark_first__02.ogg	src/main/resources/assets/ai-player/sounds/dialogue/topic_deep_dark_first__03.ogg
topic_deep_dark_ask_1	ask_about	COMMON	This place punishes curiosity. Stay light on your feet.	bot.line.topic_deep_dark_ask_1	/Users/roti/gemini_projects/ai-player-dialogue/january_2026_batch3/output_ogg/topic_deep_dark_ask_1__01.ogg	/Users/roti/gemini_projects/ai-player-dialogue/january_2026_batch3/output_ogg/topic_deep_dark_ask_1__02.ogg	/Users/roti/gemini_projects/ai-player-dialogue/january_2026_batch3/output_ogg/topic_deep_dark_ask_1__03.ogg	src/main/resources/assets/ai-player/sounds/dialogue/topic_deep_dark_ask_1__01.ogg	src/main/resources/assets/ai-player/sounds/dialogue/topic_deep_dark_ask_1__02.ogg	src/main/resources/assets/ai-player/sounds/dialogue/topic_deep_dark_ask_1__03.ogg
topic_deep_dark_ask_2	ask_about	COMMON	If you hear a heartbeat, stop moving.	bot.line.topic_deep_dark_ask_2	/Users/roti/gemini_projects/ai-player-dialogue/january_2026_batch3/output_ogg/topic_deep_dark_ask_2__01.ogg	/Users/roti/gemini_projects/ai-player-dialogue/january_2026_batch3/output_ogg/topic_deep_dark_ask_2__02.ogg	/Users/roti/gemini_projects/ai-player-dialogue/january_2026_batch3/output_ogg/topic_deep_dark_ask_2__03.ogg	src/main/resources/assets/ai-player/sounds/dialogue/topic_deep_dark_ask_2__01.ogg	src/main/resources/assets/ai-player/sounds/dialogue/topic_deep_dark_ask_2__02.ogg	src/main/resources/assets/ai-player/sounds/dialogue/topic_deep_dark_ask_2__03.ogg
topic_deep_dark_ask_3	ask_about	COMMON	I'm voting we don't explore this.	bot.line.topic_deep_dark_ask_3	/Users/roti/gemini_projects/ai-player-dialogue/january_2026_batch3/output_ogg/topic_deep_dark_ask_3__01.ogg	/Users/roti/gemini_projects/ai-player-dialogue/january_2026_batch3/output_ogg/topic_deep_dark_ask_3__02.ogg	/Users/roti/gemini_projects/ai-player-dialogue/january_2026_batch3/output_ogg/topic_deep_dark_ask_3__03.ogg	src/main/resources/assets/ai-player/sounds/dialogue/topic_deep_dark_ask_3__01.ogg	src/main/resources/assets/ai-player/sounds/dialogue/topic_deep_dark_ask_3__02.ogg	src/main/resources/assets/ai-player/sounds/dialogue/topic_deep_dark_ask_3__03.ogg
topic_deep_dark_memory	memory_callback	RARE	The Deep Dark still feels like a mistake we escaped.	bot.line.topic_deep_dark_memory	/Users/roti/gemini_projects/ai-player-dialogue/january_2026_batch3/output_ogg/topic_deep_dark_memory__01.ogg	/Users/roti/gemini_projects/ai-player-dialogue/january_2026_batch3/output_ogg/topic_deep_dark_memory__02.ogg	/Users/roti/gemini_projects/ai-player-dialogue/january_2026_batch3/output_ogg/topic_deep_dark_memory__03.ogg	src/main/resources/assets/ai-player/sounds/dialogue/topic_deep_dark_memory__01.ogg	src/main/resources/assets/ai-player/sounds/dialogue/topic_deep_dark_memory__02.ogg	src/main/resources/assets/ai-player/sounds/dialogue/topic_deep_dark_memory__03.ogg
topic_mushroom_first	first_unlocked	COMMON	This is either paradise or a prank.	bot.line.topic_mushroom_first	/Users/roti/gemini_projects/ai-player-dialogue/january_2026_batch3/output_ogg/topic_mushroom_first__01.ogg	/Users/roti/gemini_projects/ai-player-dialogue/january_2026_batch3/output_ogg/topic_mushroom_first__02.ogg	/Users/roti/gemini_projects/ai-player-dialogue/january_2026_batch3/output_ogg/topic_mushroom_first__03.ogg	src/main/resources/assets/ai-player/sounds/dialogue/topic_mushroom_first__01.ogg	src/main/resources/assets/ai-player/sounds/dialogue/topic_mushroom_first__02.ogg	src/main/resources/assets/ai-player/sounds/dialogue/topic_mushroom_first__03.ogg
topic_mushroom_ask_1	ask_about	COMMON	No mobs. No screaming. Suspiciously peaceful.	bot.line.topic_mushroom_ask_1	/Users/roti/gemini_projects/ai-player-dialogue/january_2026_batch3/output_ogg/topic_mushroom_ask_1__01.ogg	/Users/roti/gemini_projects/ai-player-dialogue/january_2026_batch3/output_ogg/topic_mushroom_ask_1__02.ogg	/Users/roti/gemini_projects/ai-player-dialogue/january_2026_batch3/output_ogg/topic_mushroom_ask_1__03.ogg	src/main/resources/assets/ai-player/sounds/dialogue/topic_mushroom_ask_1__01.ogg	src/main/resources/assets/ai-player/sounds/dialogue/topic_mushroom_ask_1__02.ogg	src/main/resources/assets/ai-player/sounds/dialogue/topic_mushroom_ask_1__03.ogg
topic_mushroom_ask_2	ask_about	COMMON	We could retire here. Quietly. With soup.	bot.line.topic_mushroom_ask_2	/Users/roti/gemini_projects/ai-player-dialogue/january_2026_batch3/output_ogg/topic_mushroom_ask_2__01.ogg	/Users/roti/gemini_projects/ai-player-dialogue/january_2026_batch3/output_ogg/topic_mushroom_ask_2__02.ogg	/Users/roti/gemini_projects/ai-player-dialogue/january_2026_batch3/output_ogg/topic_mushroom_ask_2__03.ogg	src/main/resources/assets/ai-player/sounds/dialogue/topic_mushroom_ask_2__01.ogg	src/main/resources/assets/ai-player/sounds/dialogue/topic_mushroom_ask_2__02.ogg	src/main/resources/assets/ai-player/sounds/dialogue/topic_mushroom_ask_2__03.ogg
topic_mushroom_memory	memory_callback	RARE	We found the one biome that doesn't hate us.	bot.line.topic_mushroom_memory	/Users/roti/gemini_projects/ai-player-dialogue/january_2026_batch3/output_ogg/topic_mushroom_memory__01.ogg	/Users/roti/gemini_projects/ai-player-dialogue/january_2026_batch3/output_ogg/topic_mushroom_memory__02.ogg	/Users/roti/gemini_projects/ai-player-dialogue/january_2026_batch3/output_ogg/topic_mushroom_memory__03.ogg	src/main/resources/assets/ai-player/sounds/dialogue/topic_mushroom_memory__01.ogg	src/main/resources/assets/ai-player/sounds/dialogue/topic_mushroom_memory__02.ogg	src/main/resources/assets/ai-player/sounds/dialogue/topic_mushroom_memory__03.ogg
topic_jungle_first	first_unlocked	COMMON	Everything here is alive and judging us.	bot.line.topic_jungle_first	/Users/roti/gemini_projects/ai-player-dialogue/january_2026_batch3/output_ogg/topic_jungle_first__01.ogg	/Users/roti/gemini_projects/ai-player-dialogue/january_2026_batch3/output_ogg/topic_jungle_first__02.ogg	/Users/roti/gemini_projects/ai-player-dialogue/january_2026_batch3/output_ogg/topic_jungle_first__03.ogg	src/main/resources/assets/ai-player/sounds/dialogue/topic_jungle_first__01.ogg	src/main/resources/assets/ai-player/sounds/dialogue/topic_jungle_first__02.ogg	src/main/resources/assets/ai-player/sounds/dialogue/topic_jungle_first__03.ogg
topic_jungle_ask_1	ask_about	COMMON	This is where you get lost three blocks from safety.	bot.line.topic_jungle_ask_1	/Users/roti/gemini_projects/ai-player-dialogue/january_2026_batch3/output_ogg/topic_jungle_ask_1__01.ogg	/Users/roti/gemini_projects/ai-player-dialogue/january_2026_batch3/output_ogg/topic_jungle_ask_1__02.ogg	/Users/roti/gemini_projects/ai-player-dialogue/january_2026_batch3/output_ogg/topic_jungle_ask_1__03.ogg	src/main/resources/assets/ai-player/sounds/dialogue/topic_jungle_ask_1__01.ogg	src/main/resources/assets/ai-player/sounds/dialogue/topic_jungle_ask_1__02.ogg	src/main/resources/assets/ai-player/sounds/dialogue/topic_jungle_ask_1__03.ogg
topic_jungle_ask_2	ask_about	COMMON	If you see vines, assume there's a trap attached.	bot.line.topic_jungle_ask_2	/Users/roti/gemini_projects/ai-player-dialogue/january_2026_batch3/output_ogg/topic_jungle_ask_2__01.ogg	/Users/roti/gemini_projects/ai-player-dialogue/january_2026_batch3/output_ogg/topic_jungle_ask_2__02.ogg	/Users/roti/gemini_projects/ai-player-dialogue/january_2026_batch3/output_ogg/topic_jungle_ask_2__03.ogg	src/main/resources/assets/ai-player/sounds/dialogue/topic_jungle_ask_2__01.ogg	src/main/resources/assets/ai-player/sounds/dialogue/topic_jungle_ask_2__02.ogg	src/main/resources/assets/ai-player/sounds/dialogue/topic_jungle_ask_2__03.ogg
topic_jungle_memory	memory_callback	RARE	Jungle navigation is just arguing with leaves.	bot.line.topic_jungle_memory	/Users/roti/gemini_projects/ai-player-dialogue/january_2026_batch3/output_ogg/topic_jungle_memory__01.ogg	/Users/roti/gemini_projects/ai-player-dialogue/january_2026_batch3/output_ogg/topic_jungle_memory__02.ogg	/Users/roti/gemini_projects/ai-player-dialogue/january_2026_batch3/output_ogg/topic_jungle_memory__03.ogg	src/main/resources/assets/ai-player/sounds/dialogue/topic_jungle_memory__01.ogg	src/main/resources/assets/ai-player/sounds/dialogue/topic_jungle_memory__02.ogg	src/main/resources/assets/ai-player/sounds/dialogue/topic_jungle_memory__03.ogg
topic_desert_first	first_unlocked	COMMON	So much sand. So little patience.	bot.line.topic_desert_first	/Users/roti/gemini_projects/ai-player-dialogue/january_2026_batch3/output_ogg/topic_desert_first__01.ogg	/Users/roti/gemini_projects/ai-player-dialogue/january_2026_batch3/output_ogg/topic_desert_first__02.ogg	/Users/roti/gemini_projects/ai-player-dialogue/january_2026_batch3/output_ogg/topic_desert_first__03.ogg	src/main/resources/assets/ai-player/sounds/dialogue/topic_desert_first__01.ogg	src/main/resources/assets/ai-player/sounds/dialogue/topic_desert_first__02.ogg	src/main/resources/assets/ai-player/sounds/dialogue/topic_desert_first__03.ogg
topic_desert_ask_1	ask_about	COMMON	Desert looks empty until it isn't.	bot.line.topic_desert_ask_1	/Users/roti/gemini_projects/ai-player-dialogue/january_2026_batch3/output_ogg/topic_desert_ask_1__01.ogg	/Users/roti/gemini_projects/ai-player-dialogue/january_2026_batch3/output_ogg/topic_desert_ask_1__02.ogg	/Users/roti/gemini_projects/ai-player-dialogue/january_2026_batch3/output_ogg/topic_desert_ask_1__03.ogg	src/main/resources/assets/ai-player/sounds/dialogue/topic_desert_ask_1__01.ogg	src/main/resources/assets/ai-player/sounds/dialogue/topic_desert_ask_1__02.ogg	src/main/resources/assets/ai-player/sounds/dialogue/topic_desert_ask_1__03.ogg
topic_desert_ask_2	ask_about	COMMON	We're one hole away from a bad day.	bot.line.topic_desert_ask_2	/Users/roti/gemini_projects/ai-player-dialogue/january_2026_batch3/output_ogg/topic_desert_ask_2__01.ogg	/Users/roti/gemini_projects/ai-player-dialogue/january_2026_batch3/output_ogg/topic_desert_ask_2__02.ogg	/Users/roti/gemini_projects/ai-player-dialogue/january_2026_batch3/output_ogg/topic_desert_ask_2__03.ogg	src/main/resources/assets/ai-player/sounds/dialogue/topic_desert_ask_2__01.ogg	src/main/resources/assets/ai-player/sounds/dialogue/topic_desert_ask_2__02.ogg	src/main/resources/assets/ai-player/sounds/dialogue/topic_desert_ask_2__03.ogg
topic_desert_memory	memory_callback	RARE	We crossed that desert like it owed us money.	bot.line.topic_desert_memory	/Users/roti/gemini_projects/ai-player-dialogue/january_2026_batch3/output_ogg/topic_desert_memory__01.ogg	/Users/roti/gemini_projects/ai-player-dialogue/january_2026_batch3/output_ogg/topic_desert_memory__02.ogg	/Users/roti/gemini_projects/ai-player-dialogue/january_2026_batch3/output_ogg/topic_desert_memory__03.ogg	src/main/resources/assets/ai-player/sounds/dialogue/topic_desert_memory__01.ogg	src/main/resources/assets/ai-player/sounds/dialogue/topic_desert_memory__02.ogg	src/main/resources/assets/ai-player/sounds/dialogue/topic_desert_memory__03.ogg
topic_snow_first	first_unlocked	COMMON	Air's thin. Mistakes get expensive.	bot.line.topic_snow_first	/Users/roti/gemini_projects/ai-player-dialogue/january_2026_batch3/output_ogg/topic_snow_first__01.ogg	/Users/roti/gemini_projects/ai-player-dialogue/january_2026_batch3/output_ogg/topic_snow_first__02.ogg	/Users/roti/gemini_projects/ai-player-dialogue/january_2026_batch3/output_ogg/topic_snow_first__03.ogg	src/main/resources/assets/ai-player/sounds/dialogue/topic_snow_first__01.ogg	src/main/resources/assets/ai-player/sounds/dialogue/topic_snow_first__02.ogg	src/main/resources/assets/ai-player/sounds/dialogue/topic_snow_first__03.ogg
topic_snow_ask_1	ask_about	COMMON	Good view. Bad fall.	bot.line.topic_snow_ask_1	/Users/roti/gemini_projects/ai-player-dialogue/january_2026_batch3/output_ogg/topic_snow_ask_1__01.ogg	/Users/roti/gemini_projects/ai-player-dialogue/january_2026_batch3/output_ogg/topic_snow_ask_1__02.ogg	/Users/roti/gemini_projects/ai-player-dialogue/january_2026_batch3/output_ogg/topic_snow_ask_1__03.ogg	src/main/resources/assets/ai-player/sounds/dialogue/topic_snow_ask_1__01.ogg	src/main/resources/assets/ai-player/sounds/dialogue/topic_snow_ask_1__02.ogg	src/main/resources/assets/ai-player/sounds/dialogue/topic_snow_ask_1__03.ogg
topic_snow_ask_2	ask_about	COMMON	If we slip, we're bouncing the whole way down.	bot.line.topic_snow_ask_2	/Users/roti/gemini_projects/ai-player-dialogue/january_2026_batch3/output_ogg/topic_snow_ask_2__01.ogg	/Users/roti/gemini_projects/ai-player-dialogue/january_2026_batch3/output_ogg/topic_snow_ask_2__02.ogg	/Users/roti/gemini_projects/ai-player-dialogue/january_2026_batch3/output_ogg/topic_snow_ask_2__03.ogg	src/main/resources/assets/ai-player/sounds/dialogue/topic_snow_ask_2__01.ogg	src/main/resources/assets/ai-player/sounds/dialogue/topic_snow_ask_2__02.ogg	src/main/resources/assets/ai-player/sounds/dialogue/topic_snow_ask_2__03.ogg
topic_snow_memory	memory_callback	RARE	Mountains taught us humility.	bot.line.topic_snow_memory	/Users/roti/gemini_projects/ai-player-dialogue/january_2026_batch3/output_ogg/topic_snow_memory__01.ogg	/Users/roti/gemini_projects/ai-player-dialogue/january_2026_batch3/output_ogg/topic_snow_memory__02.ogg	/Users/roti/gemini_projects/ai-player-dialogue/january_2026_batch3/output_ogg/topic_snow_memory__03.ogg	src/main/resources/assets/ai-player/sounds/dialogue/topic_snow_memory__01.ogg	src/main/resources/assets/ai-player/sounds/dialogue/topic_snow_memory__02.ogg	src/main/resources/assets/ai-player/sounds/dialogue/topic_snow_memory__03.ogg
topic_village_first	first_unlocked	COMMON	Civilization. And a suspicious amount of staring.	bot.line.topic_village_first	/Users/roti/gemini_projects/ai-player-dialogue/january_2026_batch3/output_ogg/topic_village_first__01.ogg	/Users/roti/gemini_projects/ai-player-dialogue/january_2026_batch3/output_ogg/topic_village_first__02.ogg	/Users/roti/gemini_projects/ai-player-dialogue/january_2026_batch3/output_ogg/topic_village_first__03.ogg	src/main/resources/assets/ai-player/sounds/dialogue/topic_village_first__01.ogg	src/main/resources/assets/ai-player/sounds/dialogue/topic_village_first__02.ogg	src/main/resources/assets/ai-player/sounds/dialogue/topic_village_first__03.ogg
topic_village_ask_1	ask_about	COMMON	Villagers don't talk, but they communicate disappointment.	bot.line.topic_village_ask_1	/Users/roti/gemini_projects/ai-player-dialogue/january_2026_batch3/output_ogg/topic_village_ask_1__01.ogg	/Users/roti/gemini_projects/ai-player-dialogue/january_2026_batch3/output_ogg/topic_village_ask_1__02.ogg	/Users/roti/gemini_projects/ai-player-dialogue/january_2026_batch3/output_ogg/topic_village_ask_1__03.ogg	src/main/resources/assets/ai-player/sounds/dialogue/topic_village_ask_1__01.ogg	src/main/resources/assets/ai-player/sounds/dialogue/topic_village_ask_1__02.ogg	src/main/resources/assets/ai-player/sounds/dialogue/topic_village_ask_1__03.ogg
topic_village_ask_2	ask_about	COMMON	We should leave them better off than we found them. Ideally.	bot.line.topic_village_ask_2	/Users/roti/gemini_projects/ai-player-dialogue/january_2026_batch3/output_ogg/topic_village_ask_2__01.ogg	/Users/roti/gemini_projects/ai-player-dialogue/january_2026_batch3/output_ogg/topic_village_ask_2__02.ogg	/Users/roti/gemini_projects/ai-player-dialogue/january_2026_batch3/output_ogg/topic_village_ask_2__03.ogg	src/main/resources/assets/ai-player/sounds/dialogue/topic_village_ask_2__01.ogg	src/main/resources/assets/ai-player/sounds/dialogue/topic_village_ask_2__02.ogg	src/main/resources/assets/ai-player/sounds/dialogue/topic_village_ask_2__03.ogg
topic_village_memory	memory_callback	RARE	That last village felt like returning to the world.	bot.line.topic_village_memory	/Users/roti/gemini_projects/ai-player-dialogue/january_2026_batch3/output_ogg/topic_village_memory__01.ogg	/Users/roti/gemini_projects/ai-player-dialogue/january_2026_batch3/output_ogg/topic_village_memory__02.ogg	/Users/roti/gemini_projects/ai-player-dialogue/january_2026_batch3/output_ogg/topic_village_memory__03.ogg	src/main/resources/assets/ai-player/sounds/dialogue/topic_village_memory__01.ogg	src/main/resources/assets/ai-player/sounds/dialogue/topic_village_memory__02.ogg	src/main/resources/assets/ai-player/sounds/dialogue/topic_village_memory__03.ogg
topic_library_first	first_unlocked	COMMON	This is the most words I've seen all week.	bot.line.topic_library_first	/Users/roti/gemini_projects/ai-player-dialogue/january_2026_batch3/output_ogg/topic_library_first__01.ogg	/Users/roti/gemini_projects/ai-player-dialogue/january_2026_batch3/output_ogg/topic_library_first__02.ogg	/Users/roti/gemini_projects/ai-player-dialogue/january_2026_batch3/output_ogg/topic_library_first__03.ogg	src/main/resources/assets/ai-player/sounds/dialogue/topic_library_first__01.ogg	src/main/resources/assets/ai-player/sounds/dialogue/topic_library_first__02.ogg	src/main/resources/assets/ai-player/sounds/dialogue/topic_library_first__03.ogg
topic_library_ask_1	ask_about	COMMON	Books make me feel... upgraded.	bot.line.topic_library_ask_1	/Users/roti/gemini_projects/ai-player-dialogue/january_2026_batch3/output_ogg/topic_library_ask_1__01.ogg	/Users/roti/gemini_projects/ai-player-dialogue/january_2026_batch3/output_ogg/topic_library_ask_1__02.ogg	/Users/roti/gemini_projects/ai-player-dialogue/january_2026_batch3/output_ogg/topic_library_ask_1__03.ogg	src/main/resources/assets/ai-player/sounds/dialogue/topic_library_ask_1__01.ogg	src/main/resources/assets/ai-player/sounds/dialogue/topic_library_ask_1__02.ogg	src/main/resources/assets/ai-player/sounds/dialogue/topic_library_ask_1__03.ogg
topic_library_ask_2	ask_about	COMMON	If we're learning, we should do it before the next disaster.	bot.line.topic_library_ask_2	/Users/roti/gemini_projects/ai-player-dialogue/january_2026_batch3/output_ogg/topic_library_ask_2__01.ogg	/Users/roti/gemini_projects/ai-player-dialogue/january_2026_batch3/output_ogg/topic_library_ask_2__02.ogg	/Users/roti/gemini_projects/ai-player-dialogue/january_2026_batch3/output_ogg/topic_library_ask_2__03.ogg	src/main/resources/assets/ai-player/sounds/dialogue/topic_library_ask_2__01.ogg	src/main/resources/assets/ai-player/sounds/dialogue/topic_library_ask_2__02.ogg	src/main/resources/assets/ai-player/sounds/dialogue/topic_library_ask_2__03.ogg
topic_library_ask_3	ask_about	COMMON	I like quiet places. Don't tell anyone.	bot.line.topic_library_ask_3	/Users/roti/gemini_projects/ai-player-dialogue/january_2026_batch3/output_ogg/topic_library_ask_3__01.ogg	/Users/roti/gemini_projects/ai-player-dialogue/january_2026_batch3/output_ogg/topic_library_ask_3__02.ogg	/Users/roti/gemini_projects/ai-player-dialogue/january_2026_batch3/output_ogg/topic_library_ask_3__03.ogg	src/main/resources/assets/ai-player/sounds/dialogue/topic_library_ask_3__01.ogg	src/main/resources/assets/ai-player/sounds/dialogue/topic_library_ask_3__02.ogg	src/main/resources/assets/ai-player/sounds/dialogue/topic_library_ask_3__03.ogg
topic_library_memory	memory_callback	RARE	I'd like to spend more time among those bookshelves.	bot.line.topic_library_memory	/Users/roti/gemini_projects/ai-player-dialogue/january_2026_batch3/output_ogg/topic_library_memory__01.ogg	/Users/roti/gemini_projects/ai-player-dialogue/january_2026_batch3/output_ogg/topic_library_memory__02.ogg	/Users/roti/gemini_projects/ai-player-dialogue/january_2026_batch3/output_ogg/topic_library_memory__03.ogg	src/main/resources/assets/ai-player/sounds/dialogue/topic_library_memory__01.ogg	src/main/resources/assets/ai-player/sounds/dialogue/topic_library_memory__02.ogg	src/main/resources/assets/ai-player/sounds/dialogue/topic_library_memory__03.ogg
topic_enchanting_first	first_unlocked	COMMON	Time for magic gambling.	bot.line.topic_enchanting_first	/Users/roti/gemini_projects/ai-player-dialogue/january_2026_batch3/output_ogg/topic_enchanting_first__01.ogg	/Users/roti/gemini_projects/ai-player-dialogue/january_2026_batch3/output_ogg/topic_enchanting_first__02.ogg	/Users/roti/gemini_projects/ai-player-dialogue/january_2026_batch3/output_ogg/topic_enchanting_first__03.ogg	src/main/resources/assets/ai-player/sounds/dialogue/topic_enchanting_first__01.ogg	src/main/resources/assets/ai-player/sounds/dialogue/topic_enchanting_first__02.ogg	src/main/resources/assets/ai-player/sounds/dialogue/topic_enchanting_first__03.ogg
topic_enchanting_ask_1	ask_about	COMMON	I love enchantments. I usually hate enchantment outcomes.	bot.line.topic_enchanting_ask_1	/Users/roti/gemini_projects/ai-player-dialogue/january_2026_batch3/output_ogg/topic_enchanting_ask_1__01.ogg	/Users/roti/gemini_projects/ai-player-dialogue/january_2026_batch3/output_ogg/topic_enchanting_ask_1__02.ogg	/Users/roti/gemini_projects/ai-player-dialogue/january_2026_batch3/output_ogg/topic_enchanting_ask_1__03.ogg	src/main/resources/assets/ai-player/sounds/dialogue/topic_enchanting_ask_1__01.ogg	src/main/resources/assets/ai-player/sounds/dialogue/topic_enchanting_ask_1__02.ogg	src/main/resources/assets/ai-player/sounds/dialogue/topic_enchanting_ask_1__03.ogg
topic_enchanting_ask_2	ask_about	COMMON	Pray for a good enchantment.	bot.line.topic_enchanting_ask_2	/Users/roti/gemini_projects/ai-player-dialogue/january_2026_batch3/output_ogg/topic_enchanting_ask_2__01.ogg	/Users/roti/gemini_projects/ai-player-dialogue/january_2026_batch3/output_ogg/topic_enchanting_ask_2__02.ogg	/Users/roti/gemini_projects/ai-player-dialogue/january_2026_batch3/output_ogg/topic_enchanting_ask_2__03.ogg	src/main/resources/assets/ai-player/sounds/dialogue/topic_enchanting_ask_2__01.ogg	src/main/resources/assets/ai-player/sounds/dialogue/topic_enchanting_ask_2__02.ogg	src/main/resources/assets/ai-player/sounds/dialogue/topic_enchanting_ask_2__03.ogg
topic_enchanting_ask_3	ask_about	COMMON	If it comes out cursed-looking, we pretend it's fine.	bot.line.topic_enchanting_ask_3	/Users/roti/gemini_projects/ai-player-dialogue/january_2026_batch3/output_ogg/topic_enchanting_ask_3__01.ogg	/Users/roti/gemini_projects/ai-player-dialogue/january_2026_batch3/output_ogg/topic_enchanting_ask_3__02.ogg	/Users/roti/gemini_projects/ai-player-dialogue/january_2026_batch3/output_ogg/topic_enchanting_ask_3__03.ogg	src/main/resources/assets/ai-player/sounds/dialogue/topic_enchanting_ask_3__01.ogg	src/main/resources/assets/ai-player/sounds/dialogue/topic_enchanting_ask_3__02.ogg	src/main/resources/assets/ai-player/sounds/dialogue/topic_enchanting_ask_3__03.ogg
topic_enchanting_memory	memory_callback	RARE	Remember when we enchanted something and instantly got arrogant?	bot.line.topic_enchanting_memory	/Users/roti/gemini_projects/ai-player-dialogue/january_2026_batch3/output_ogg/topic_enchanting_memory__01.ogg	/Users/roti/gemini_projects/ai-player-dialogue/january_2026_batch3/output_ogg/topic_enchanting_memory__02.ogg	/Users/roti/gemini_projects/ai-player-dialogue/january_2026_batch3/output_ogg/topic_enchanting_memory__03.ogg	src/main/resources/assets/ai-player/sounds/dialogue/topic_enchanting_memory__01.ogg	src/main/resources/assets/ai-player/sounds/dialogue/topic_enchanting_memory__02.ogg	src/main/resources/assets/ai-player/sounds/dialogue/topic_enchanting_memory__03.ogg
topic_ruined_portal_first	first_unlocked	COMMON	Someone tried to leave. It didn't go great.	bot.line.topic_ruined_portal_first	/Users/roti/gemini_projects/ai-player-dialogue/january_2026_batch3/output_ogg/topic_ruined_portal_first__01.ogg	/Users/roti/gemini_projects/ai-player-dialogue/january_2026_batch3/output_ogg/topic_ruined_portal_first__02.ogg	/Users/roti/gemini_projects/ai-player-dialogue/january_2026_batch3/output_ogg/topic_ruined_portal_first__03.ogg	src/main/resources/assets/ai-player/sounds/dialogue/topic_ruined_portal_first__01.ogg	src/main/resources/assets/ai-player/sounds/dialogue/topic_ruined_portal_first__02.ogg	src/main/resources/assets/ai-player/sounds/dialogue/topic_ruined_portal_first__03.ogg
topic_ruined_portal_ask_1	ask_about	COMMON	Ruins always feel fresh. Like the world remembers.	bot.line.topic_ruined_portal_ask_1	/Users/roti/gemini_projects/ai-player-dialogue/january_2026_batch3/output_ogg/topic_ruined_portal_ask_1__01.ogg	/Users/roti/gemini_projects/ai-player-dialogue/january_2026_batch3/output_ogg/topic_ruined_portal_ask_1__02.ogg	/Users/roti/gemini_projects/ai-player-dialogue/january_2026_batch3/output_ogg/topic_ruined_portal_ask_1__03.ogg	src/main/resources/assets/ai-player/sounds/dialogue/topic_ruined_portal_ask_1__01.ogg	src/main/resources/assets/ai-player/sounds/dialogue/topic_ruined_portal_ask_1__02.ogg	src/main/resources/assets/ai-player/sounds/dialogue/topic_ruined_portal_ask_1__03.ogg
topic_ruined_portal_ask_2	ask_about	COMMON	We should take what we can and not ask questions.	bot.line.topic_ruined_portal_ask_2	/Users/roti/gemini_projects/ai-player-dialogue/january_2026_batch3/output_ogg/topic_ruined_portal_ask_2__01.ogg	/Users/roti/gemini_projects/ai-player-dialogue/january_2026_batch3/output_ogg/topic_ruined_portal_ask_2__02.ogg	/Users/roti/gemini_projects/ai-player-dialogue/january_2026_batch3/output_ogg/topic_ruined_portal_ask_2__03.ogg	src/main/resources/assets/ai-player/sounds/dialogue/topic_ruined_portal_ask_2__01.ogg	src/main/resources/assets/ai-player/sounds/dialogue/topic_ruined_portal_ask_2__02.ogg	src/main/resources/assets/ai-player/sounds/dialogue/topic_ruined_portal_ask_2__03.ogg
topic_ruined_portal_memory	memory_callback	RARE	That portal was a warning sign dressed as loot.	bot.line.topic_ruined_portal_memory	/Users/roti/gemini_projects/ai-player-dialogue/january_2026_batch3/output_ogg/topic_ruined_portal_memory__01.ogg	/Users/roti/gemini_projects/ai-player-dialogue/january_2026_batch3/output_ogg/topic_ruined_portal_memory__02.ogg	/Users/roti/gemini_projects/ai-player-dialogue/january_2026_batch3/output_ogg/topic_ruined_portal_memory__03.ogg	src/main/resources/assets/ai-player/sounds/dialogue/topic_ruined_portal_memory__01.ogg	src/main/resources/assets/ai-player/sounds/dialogue/topic_ruined_portal_memory__02.ogg	src/main/resources/assets/ai-player/sounds/dialogue/topic_ruined_portal_memory__03.ogg
topic_nether_fortress_first	first_unlocked	COMMON	Fortress found. This is where things get serious.	bot.line.topic_nether_fortress_first	/Users/roti/gemini_projects/ai-player-dialogue/january_2026_batch3/output_ogg/topic_nether_fortress_first__01.ogg	/Users/roti/gemini_projects/ai-player-dialogue/january_2026_batch3/output_ogg/topic_nether_fortress_first__02.ogg	/Users/roti/gemini_projects/ai-player-dialogue/january_2026_batch3/output_ogg/topic_nether_fortress_first__03.ogg	src/main/resources/assets/ai-player/sounds/dialogue/topic_nether_fortress_first__01.ogg	src/main/resources/assets/ai-player/sounds/dialogue/topic_nether_fortress_first__02.ogg	src/main/resources/assets/ai-player/sounds/dialogue/topic_nether_fortress_first__03.ogg
topic_nether_fortress_ask_1	ask_about	COMMON	Long halls, blind corners, and fire. Great.	bot.line.topic_nether_fortress_ask_1	/Users/roti/gemini_projects/ai-player-dialogue/january_2026_batch3/output_ogg/topic_nether_fortress_ask_1__01.ogg	/Users/roti/gemini_projects/ai-player-dialogue/january_2026_batch3/output_ogg/topic_nether_fortress_ask_1__02.ogg	/Users/roti/gemini_projects/ai-player-dialogue/january_2026_batch3/output_ogg/topic_nether_fortress_ask_1__03.ogg	src/main/resources/assets/ai-player/sounds/dialogue/topic_nether_fortress_ask_1__01.ogg	src/main/resources/assets/ai-player/sounds/dialogue/topic_nether_fortress_ask_1__02.ogg	src/main/resources/assets/ai-player/sounds/dialogue/topic_nether_fortress_ask_1__03.ogg
topic_nether_fortress_ask_2	ask_about	COMMON	If we get rods, we get out. Simple plan.	bot.line.topic_nether_fortress_ask_2	/Users/roti/gemini_projects/ai-player-dialogue/january_2026_batch3/output_ogg/topic_nether_fortress_ask_2__01.ogg	/Users/roti/gemini_projects/ai-player-dialogue/january_2026_batch3/output_ogg/topic_nether_fortress_ask_2__02.ogg	/Users/roti/gemini_projects/ai-player-dialogue/january_2026_batch3/output_ogg/topic_nether_fortress_ask_2__03.ogg	src/main/resources/assets/ai-player/sounds/dialogue/topic_nether_fortress_ask_2__01.ogg	src/main/resources/assets/ai-player/sounds/dialogue/topic_nether_fortress_ask_2__02.ogg	src/main/resources/assets/ai-player/sounds/dialogue/topic_nether_fortress_ask_2__03.ogg
topic_nether_fortress_memory	memory_callback	RARE	That fortress run was stressful.	bot.line.topic_nether_fortress_memory	/Users/roti/gemini_projects/ai-player-dialogue/january_2026_batch3/output_ogg/topic_nether_fortress_memory__01.ogg	/Users/roti/gemini_projects/ai-player-dialogue/january_2026_batch3/output_ogg/topic_nether_fortress_memory__02.ogg	/Users/roti/gemini_projects/ai-player-dialogue/january_2026_batch3/output_ogg/topic_nether_fortress_memory__03.ogg	src/main/resources/assets/ai-player/sounds/dialogue/topic_nether_fortress_memory__01.ogg	src/main/resources/assets/ai-player/sounds/dialogue/topic_nether_fortress_memory__02.ogg	src/main/resources/assets/ai-player/sounds/dialogue/topic_nether_fortress_memory__03.ogg
topic_bastion_first	first_unlocked	COMMON	We're guests. The hosts bite.	bot.line.topic_bastion_first	/Users/roti/gemini_projects/ai-player-dialogue/january_2026_batch3/output_ogg/topic_bastion_first__01.ogg	/Users/roti/gemini_projects/ai-player-dialogue/january_2026_batch3/output_ogg/topic_bastion_first__02.ogg	/Users/roti/gemini_projects/ai-player-dialogue/january_2026_batch3/output_ogg/topic_bastion_first__03.ogg	src/main/resources/assets/ai-player/sounds/dialogue/topic_bastion_first__01.ogg	src/main/resources/assets/ai-player/sounds/dialogue/topic_bastion_first__02.ogg	src/main/resources/assets/ai-player/sounds/dialogue/topic_bastion_first__03.ogg
topic_bastion_ask_1	ask_about	COMMON	Gold makes them friendly. Temporarily.	bot.line.topic_bastion_ask_1	/Users/roti/gemini_projects/ai-player-dialogue/january_2026_batch3/output_ogg/topic_bastion_ask_1__01.ogg	/Users/roti/gemini_projects/ai-player-dialogue/january_2026_batch3/output_ogg/topic_bastion_ask_1__02.ogg	/Users/roti/gemini_projects/ai-player-dialogue/january_2026_batch3/output_ogg/topic_bastion_ask_1__03.ogg	src/main/resources/assets/ai-player/sounds/dialogue/topic_bastion_ask_1__01.ogg	src/main/resources/assets/ai-player/sounds/dialogue/topic_bastion_ask_1__02.ogg	src/main/resources/assets/ai-player/sounds/dialogue/topic_bastion_ask_1__03.ogg
topic_bastion_ask_2	ask_about	COMMON	Every chest here has a price.	bot.line.topic_bastion_ask_2	/Users/roti/gemini_projects/ai-player-dialogue/january_2026_batch3/output_ogg/topic_bastion_ask_2__01.ogg	/Users/roti/gemini_projects/ai-player-dialogue/january_2026_batch3/output_ogg/topic_bastion_ask_2__02.ogg	/Users/roti/gemini_projects/ai-player-dialogue/january_2026_batch3/output_ogg/topic_bastion_ask_2__03.ogg	src/main/resources/assets/ai-player/sounds/dialogue/topic_bastion_ask_2__01.ogg	src/main/resources/assets/ai-player/sounds/dialogue/topic_bastion_ask_2__02.ogg	src/main/resources/assets/ai-player/sounds/dialogue/topic_bastion_ask_2__03.ogg
topic_bastion_memory	memory_callback	RARE	Bastions taught us to respect piglins.	bot.line.topic_bastion_memory	/Users/roti/gemini_projects/ai-player-dialogue/january_2026_batch3/output_ogg/topic_bastion_memory__01.ogg	/Users/roti/gemini_projects/ai-player-dialogue/january_2026_batch3/output_ogg/topic_bastion_memory__02.ogg	/Users/roti/gemini_projects/ai-player-dialogue/january_2026_batch3/output_ogg/topic_bastion_memory__03.ogg	src/main/resources/assets/ai-player/sounds/dialogue/topic_bastion_memory__01.ogg	src/main/resources/assets/ai-player/sounds/dialogue/topic_bastion_memory__02.ogg	src/main/resources/assets/ai-player/sounds/dialogue/topic_bastion_memory__03.ogg
topic_stronghold_first	first_unlocked	COMMON	We found it. The place you only reach by obsession.	bot.line.topic_stronghold_first	/Users/roti/gemini_projects/ai-player-dialogue/january_2026_batch3/output_ogg/topic_stronghold_first__01.ogg	/Users/roti/gemini_projects/ai-player-dialogue/january_2026_batch3/output_ogg/topic_stronghold_first__02.ogg	/Users/roti/gemini_projects/ai-player-dialogue/january_2026_batch3/output_ogg/topic_stronghold_first__03.ogg	src/main/resources/assets/ai-player/sounds/dialogue/topic_stronghold_first__01.ogg	src/main/resources/assets/ai-player/sounds/dialogue/topic_stronghold_first__02.ogg	src/main/resources/assets/ai-player/sounds/dialogue/topic_stronghold_first__03.ogg
topic_stronghold_ask_1	ask_about	COMMON	Every hallway says final exam.	bot.line.topic_stronghold_ask_1	/Users/roti/gemini_projects/ai-player-dialogue/january_2026_batch3/output_ogg/topic_stronghold_ask_1__01.ogg	/Users/roti/gemini_projects/ai-player-dialogue/january_2026_batch3/output_ogg/topic_stronghold_ask_1__02.ogg	/Users/roti/gemini_projects/ai-player-dialogue/january_2026_batch3/output_ogg/topic_stronghold_ask_1__03.ogg	src/main/resources/assets/ai-player/sounds/dialogue/topic_stronghold_ask_1__01.ogg	src/main/resources/assets/ai-player/sounds/dialogue/topic_stronghold_ask_1__02.ogg	src/main/resources/assets/ai-player/sounds/dialogue/topic_stronghold_ask_1__03.ogg
topic_stronghold_ask_2	ask_about	COMMON	This is the doorway to consequences.	bot.line.topic_stronghold_ask_2	/Users/roti/gemini_projects/ai-player-dialogue/january_2026_batch3/output_ogg/topic_stronghold_ask_2__01.ogg	/Users/roti/gemini_projects/ai-player-dialogue/january_2026_batch3/output_ogg/topic_stronghold_ask_2__02.ogg	/Users/roti/gemini_projects/ai-player-dialogue/january_2026_batch3/output_ogg/topic_stronghold_ask_2__03.ogg	src/main/resources/assets/ai-player/sounds/dialogue/topic_stronghold_ask_2__01.ogg	src/main/resources/assets/ai-player/sounds/dialogue/topic_stronghold_ask_2__02.ogg	src/main/resources/assets/ai-player/sounds/dialogue/topic_stronghold_ask_2__03.ogg
topic_stronghold_memory	memory_callback	RARE	Stronghold stone still feels cold.	bot.line.topic_stronghold_memory	/Users/roti/gemini_projects/ai-player-dialogue/january_2026_batch3/output_ogg/topic_stronghold_memory__01.ogg	/Users/roti/gemini_projects/ai-player-dialogue/january_2026_batch3/output_ogg/topic_stronghold_memory__02.ogg	/Users/roti/gemini_projects/ai-player-dialogue/january_2026_batch3/output_ogg/topic_stronghold_memory__03.ogg	src/main/resources/assets/ai-player/sounds/dialogue/topic_stronghold_memory__01.ogg	src/main/resources/assets/ai-player/sounds/dialogue/topic_stronghold_memory__02.ogg	src/main/resources/assets/ai-player/sounds/dialogue/topic_stronghold_memory__03.ogg
topic_ancient_city_first	first_unlocked	COMMON	This is a cathedral for bad ideas.	bot.line.topic_ancient_city_first	/Users/roti/gemini_projects/ai-player-dialogue/january_2026_batch3/output_ogg/topic_ancient_city_first__01.ogg	/Users/roti/gemini_projects/ai-player-dialogue/january_2026_batch3/output_ogg/topic_ancient_city_first__02.ogg	/Users/roti/gemini_projects/ai-player-dialogue/january_2026_batch3/output_ogg/topic_ancient_city_first__03.ogg	src/main/resources/assets/ai-player/sounds/dialogue/topic_ancient_city_first__01.ogg	src/main/resources/assets/ai-player/sounds/dialogue/topic_ancient_city_first__02.ogg	src/main/resources/assets/ai-player/sounds/dialogue/topic_ancient_city_first__03.ogg
topic_ancient_city_ask_1	ask_about	COMMON	Don't be loud.	bot.line.topic_ancient_city_ask_1	/Users/roti/gemini_projects/ai-player-dialogue/january_2026_batch3/output_ogg/topic_ancient_city_ask_1__01.ogg	/Users/roti/gemini_projects/ai-player-dialogue/january_2026_batch3/output_ogg/topic_ancient_city_ask_1__02.ogg	/Users/roti/gemini_projects/ai-player-dialogue/january_2026_batch3/output_ogg/topic_ancient_city_ask_1__03.ogg	src/main/resources/assets/ai-player/sounds/dialogue/topic_ancient_city_ask_1__01.ogg	src/main/resources/assets/ai-player/sounds/dialogue/topic_ancient_city_ask_1__02.ogg	src/main/resources/assets/ai-player/sounds/dialogue/topic_ancient_city_ask_1__03.ogg
topic_ancient_city_ask_2	ask_about	COMMON	We're here to take loot, not to prove anything.	bot.line.topic_ancient_city_ask_2	/Users/roti/gemini_projects/ai-player-dialogue/january_2026_batch3/output_ogg/topic_ancient_city_ask_2__01.ogg	/Users/roti/gemini_projects/ai-player-dialogue/january_2026_batch3/output_ogg/topic_ancient_city_ask_2__02.ogg	/Users/roti/gemini_projects/ai-player-dialogue/january_2026_batch3/output_ogg/topic_ancient_city_ask_2__03.ogg	src/main/resources/assets/ai-player/sounds/dialogue/topic_ancient_city_ask_2__01.ogg	src/main/resources/assets/ai-player/sounds/dialogue/topic_ancient_city_ask_2__02.ogg	src/main/resources/assets/ai-player/sounds/dialogue/topic_ancient_city_ask_2__03.ogg
topic_ancient_city_memory	memory_callback	RARE	Ancient City... I'd rather not do that again.	bot.line.topic_ancient_city_memory	/Users/roti/gemini_projects/ai-player-dialogue/january_2026_batch3/output_ogg/topic_ancient_city_memory__01.ogg	/Users/roti/gemini_projects/ai-player-dialogue/january_2026_batch3/output_ogg/topic_ancient_city_memory__02.ogg	/Users/roti/gemini_projects/ai-player-dialogue/january_2026_batch3/output_ogg/topic_ancient_city_memory__03.ogg	src/main/resources/assets/ai-player/sounds/dialogue/topic_ancient_city_memory__01.ogg	src/main/resources/assets/ai-player/sounds/dialogue/topic_ancient_city_memory__02.ogg	src/main/resources/assets/ai-player/sounds/dialogue/topic_ancient_city_memory__03.ogg
topic_trial_chambers_first	first_unlocked	COMMON	A dungeon designed by someone who hates safety.	bot.line.topic_trial_chambers_first	/Users/roti/gemini_projects/ai-player-dialogue/january_2026_batch3/output_ogg/topic_trial_chambers_first__01.ogg	/Users/roti/gemini_projects/ai-player-dialogue/january_2026_batch3/output_ogg/topic_trial_chambers_first__02.ogg	/Users/roti/gemini_projects/ai-player-dialogue/january_2026_batch3/output_ogg/topic_trial_chambers_first__03.ogg	src/main/resources/assets/ai-player/sounds/dialogue/topic_trial_chambers_first__01.ogg	src/main/resources/assets/ai-player/sounds/dialogue/topic_trial_chambers_first__02.ogg	src/main/resources/assets/ai-player/sounds/dialogue/topic_trial_chambers_first__03.ogg
topic_trial_chambers_ask_1	ask_about	COMMON	This place rewards aggression. Carefully.	bot.line.topic_trial_chambers_ask_1	/Users/roti/gemini_projects/ai-player-dialogue/january_2026_batch3/output_ogg/topic_trial_chambers_ask_1__01.ogg	/Users/roti/gemini_projects/ai-player-dialogue/january_2026_batch3/output_ogg/topic_trial_chambers_ask_1__02.ogg	/Users/roti/gemini_projects/ai-player-dialogue/january_2026_batch3/output_ogg/topic_trial_chambers_ask_1__03.ogg	src/main/resources/assets/ai-player/sounds/dialogue/topic_trial_chambers_ask_1__01.ogg	src/main/resources/assets/ai-player/sounds/dialogue/topic_trial_chambers_ask_1__02.ogg	src/main/resources/assets/ai-player/sounds/dialogue/topic_trial_chambers_ask_1__03.ogg
topic_trial_chambers_ask_2	ask_about	COMMON	We can leave any time. That's the strategy.	bot.line.topic_trial_chambers_ask_2	/Users/roti/gemini_projects/ai-player-dialogue/january_2026_batch3/output_ogg/topic_trial_chambers_ask_2__01.ogg	/Users/roti/gemini_projects/ai-player-dialogue/january_2026_batch3/output_ogg/topic_trial_chambers_ask_2__02.ogg	/Users/roti/gemini_projects/ai-player-dialogue/january_2026_batch3/output_ogg/topic_trial_chambers_ask_2__03.ogg	src/main/resources/assets/ai-player/sounds/dialogue/topic_trial_chambers_ask_2__01.ogg	src/main/resources/assets/ai-player/sounds/dialogue/topic_trial_chambers_ask_2__02.ogg	src/main/resources/assets/ai-player/sounds/dialogue/topic_trial_chambers_ask_2__03.ogg
topic_trial_chambers_memory	memory_callback	RARE	Trials were fun. In the way pain is fun.	bot.line.topic_trial_chambers_memory	/Users/roti/gemini_projects/ai-player-dialogue/january_2026_batch3/output_ogg/topic_trial_chambers_memory__01.ogg	/Users/roti/gemini_projects/ai-player-dialogue/january_2026_batch3/output_ogg/topic_trial_chambers_memory__02.ogg	/Users/roti/gemini_projects/ai-player-dialogue/january_2026_batch3/output_ogg/topic_trial_chambers_memory__03.ogg	src/main/resources/assets/ai-player/sounds/dialogue/topic_trial_chambers_memory__01.ogg	src/main/resources/assets/ai-player/sounds/dialogue/topic_trial_chambers_memory__02.ogg	src/main/resources/assets/ai-player/sounds/dialogue/topic_trial_chambers_memory__03.ogg
topic_nether_first	first_unlocked	COMMON	New dimension. Same problems, louder.	bot.line.topic_nether_first	/Users/roti/gemini_projects/ai-player-dialogue/january_2026_batch3/output_ogg/topic_nether_first__01.ogg	/Users/roti/gemini_projects/ai-player-dialogue/january_2026_batch3/output_ogg/topic_nether_first__02.ogg	/Users/roti/gemini_projects/ai-player-dialogue/january_2026_batch3/output_ogg/topic_nether_first__03.ogg	src/main/resources/assets/ai-player/sounds/dialogue/topic_nether_first__01.ogg	src/main/resources/assets/ai-player/sounds/dialogue/topic_nether_first__02.ogg	src/main/resources/assets/ai-player/sounds/dialogue/topic_nether_first__03.ogg
topic_nether_ask_1	ask_about	COMMON	Rule one: don't trust the floor.	bot.line.topic_nether_ask_1	/Users/roti/gemini_projects/ai-player-dialogue/january_2026_batch3/output_ogg/topic_nether_ask_1__01.ogg	/Users/roti/gemini_projects/ai-player-dialogue/january_2026_batch3/output_ogg/topic_nether_ask_1__02.ogg	/Users/roti/gemini_projects/ai-player-dialogue/january_2026_batch3/output_ogg/topic_nether_ask_1__03.ogg	src/main/resources/assets/ai-player/sounds/dialogue/topic_nether_ask_1__01.ogg	src/main/resources/assets/ai-player/sounds/dialogue/topic_nether_ask_1__02.ogg	src/main/resources/assets/ai-player/sounds/dialogue/topic_nether_ask_1__03.ogg
topic_nether_ask_2	ask_about	COMMON	Rule two: don't trust the ceiling either.	bot.line.topic_nether_ask_2	/Users/roti/gemini_projects/ai-player-dialogue/january_2026_batch3/output_ogg/topic_nether_ask_2__01.ogg	/Users/roti/gemini_projects/ai-player-dialogue/january_2026_batch3/output_ogg/topic_nether_ask_2__02.ogg	/Users/roti/gemini_projects/ai-player-dialogue/january_2026_batch3/output_ogg/topic_nether_ask_2__03.ogg	src/main/resources/assets/ai-player/sounds/dialogue/topic_nether_ask_2__01.ogg	src/main/resources/assets/ai-player/sounds/dialogue/topic_nether_ask_2__02.ogg	src/main/resources/assets/ai-player/sounds/dialogue/topic_nether_ask_2__03.ogg
topic_nether_memory	memory_callback	RARE	The Nether changed the tone of the whole adventure.	bot.line.topic_nether_memory	/Users/roti/gemini_projects/ai-player-dialogue/january_2026_batch3/output_ogg/topic_nether_memory__01.ogg	/Users/roti/gemini_projects/ai-player-dialogue/january_2026_batch3/output_ogg/topic_nether_memory__02.ogg	/Users/roti/gemini_projects/ai-player-dialogue/january_2026_batch3/output_ogg/topic_nether_memory__03.ogg	src/main/resources/assets/ai-player/sounds/dialogue/topic_nether_memory__01.ogg	src/main/resources/assets/ai-player/sounds/dialogue/topic_nether_memory__02.ogg	src/main/resources/assets/ai-player/sounds/dialogue/topic_nether_memory__03.ogg
topic_end_first	first_unlocked	COMMON	The End. Keep your eyes to yourself.	bot.line.topic_end_first	/Users/roti/gemini_projects/ai-player-dialogue/january_2026_batch3/output_ogg/topic_end_first__01.ogg	/Users/roti/gemini_projects/ai-player-dialogue/january_2026_batch3/output_ogg/topic_end_first__02.ogg	/Users/roti/gemini_projects/ai-player-dialogue/january_2026_batch3/output_ogg/topic_end_first__03.ogg	src/main/resources/assets/ai-player/sounds/dialogue/topic_end_first__01.ogg	src/main/resources/assets/ai-player/sounds/dialogue/topic_end_first__02.ogg	src/main/resources/assets/ai-player/sounds/dialogue/topic_end_first__03.ogg
topic_end_ask_1	ask_about	COMMON	It's quiet here. That's never a good sign.	bot.line.topic_end_ask_1	/Users/roti/gemini_projects/ai-player-dialogue/january_2026_batch3/output_ogg/topic_end_ask_1__01.ogg	/Users/roti/gemini_projects/ai-player-dialogue/january_2026_batch3/output_ogg/topic_end_ask_1__02.ogg	/Users/roti/gemini_projects/ai-player-dialogue/january_2026_batch3/output_ogg/topic_end_ask_1__03.ogg	src/main/resources/assets/ai-player/sounds/dialogue/topic_end_ask_1__01.ogg	src/main/resources/assets/ai-player/sounds/dialogue/topic_end_ask_1__02.ogg	src/main/resources/assets/ai-player/sounds/dialogue/topic_end_ask_1__03.ogg
topic_end_ask_2	ask_about	COMMON	We came this far. No sloppy mistakes.	bot.line.topic_end_ask_2	/Users/roti/gemini_projects/ai-player-dialogue/january_2026_batch3/output_ogg/topic_end_ask_2__01.ogg	/Users/roti/gemini_projects/ai-player-dialogue/january_2026_batch3/output_ogg/topic_end_ask_2__02.ogg	/Users/roti/gemini_projects/ai-player-dialogue/january_2026_batch3/output_ogg/topic_end_ask_2__03.ogg	src/main/resources/assets/ai-player/sounds/dialogue/topic_end_ask_2__01.ogg	src/main/resources/assets/ai-player/sounds/dialogue/topic_end_ask_2__02.ogg	src/main/resources/assets/ai-player/sounds/dialogue/topic_end_ask_2__03.ogg
topic_end_memory	memory_callback	RARE	The End felt like stepping outside the world.	bot.line.topic_end_memory	/Users/roti/gemini_projects/ai-player-dialogue/january_2026_batch3/output_ogg/topic_end_memory__01.ogg	/Users/roti/gemini_projects/ai-player-dialogue/january_2026_batch3/output_ogg/topic_end_memory__02.ogg	/Users/roti/gemini_projects/ai-player-dialogue/january_2026_batch3/output_ogg/topic_end_memory__03.ogg	src/main/resources/assets/ai-player/sounds/dialogue/topic_end_memory__01.ogg	src/main/resources/assets/ai-player/sounds/dialogue/topic_end_memory__02.ogg	src/main/resources/assets/ai-player/sounds/dialogue/topic_end_memory__03.ogg
topic_trader_first_1	first_unlocked	COMMON	A salesman approaches. Stay strong.	bot.line.topic_trader_first_1	/Users/roti/gemini_projects/ai-player-dialogue/january_2026_batch3/output_ogg/topic_trader_first_1__01.ogg	/Users/roti/gemini_projects/ai-player-dialogue/january_2026_batch3/output_ogg/topic_trader_first_1__02.ogg	/Users/roti/gemini_projects/ai-player-dialogue/january_2026_batch3/output_ogg/topic_trader_first_1__03.ogg	src/main/resources/assets/ai-player/sounds/dialogue/topic_trader_first_1__01.ogg	src/main/resources/assets/ai-player/sounds/dialogue/topic_trader_first_1__02.ogg	src/main/resources/assets/ai-player/sounds/dialogue/topic_trader_first_1__03.ogg
topic_trader_first_2	first_unlocked	COMMON	That's either commerce... or a scam with llamas.	bot.line.topic_trader_first_2	/Users/roti/gemini_projects/ai-player-dialogue/january_2026_batch3/output_ogg/topic_trader_first_2__01.ogg	/Users/roti/gemini_projects/ai-player-dialogue/january_2026_batch3/output_ogg/topic_trader_first_2__02.ogg	/Users/roti/gemini_projects/ai-player-dialogue/january_2026_batch3/output_ogg/topic_trader_first_2__03.ogg	src/main/resources/assets/ai-player/sounds/dialogue/topic_trader_first_2__01.ogg	src/main/resources/assets/ai-player/sounds/dialogue/topic_trader_first_2__02.ogg	src/main/resources/assets/ai-player/sounds/dialogue/topic_trader_first_2__03.ogg
topic_trader_ask_1	ask_about	COMMON	He sells junk with confidence. I respect it.	bot.line.topic_trader_ask_1	/Users/roti/gemini_projects/ai-player-dialogue/january_2026_batch3/output_ogg/topic_trader_ask_1__01.ogg	/Users/roti/gemini_projects/ai-player-dialogue/january_2026_batch3/output_ogg/topic_trader_ask_1__02.ogg	/Users/roti/gemini_projects/ai-player-dialogue/january_2026_batch3/output_ogg/topic_trader_ask_1__03.ogg	src/main/resources/assets/ai-player/sounds/dialogue/topic_trader_ask_1__01.ogg	src/main/resources/assets/ai-player/sounds/dialogue/topic_trader_ask_1__02.ogg	src/main/resources/assets/ai-player/sounds/dialogue/topic_trader_ask_1__03.ogg
topic_trader_ask_2	ask_about	COMMON	He travels the world to offer... two ferns and a bucket. Iconic.	bot.line.topic_trader_ask_2	/Users/roti/gemini_projects/ai-player-dialogue/january_2026_batch3/output_ogg/topic_trader_ask_2__01.ogg	/Users/roti/gemini_projects/ai-player-dialogue/january_2026_batch3/output_ogg/topic_trader_ask_2__02.ogg	/Users/roti/gemini_projects/ai-player-dialogue/january_2026_batch3/output_ogg/topic_trader_ask_2__03.ogg	src/main/resources/assets/ai-player/sounds/dialogue/topic_trader_ask_2__01.ogg	src/main/resources/assets/ai-player/sounds/dialogue/topic_trader_ask_2__02.ogg	src/main/resources/assets/ai-player/sounds/dialogue/topic_trader_ask_2__03.ogg
topic_trader_ask_3	ask_about	COMMON	The llamas are the real security detail.	bot.line.topic_trader_ask_3	/Users/roti/gemini_projects/ai-player-dialogue/january_2026_batch3/output_ogg/topic_trader_ask_3__01.ogg	/Users/roti/gemini_projects/ai-player-dialogue/january_2026_batch3/output_ogg/topic_trader_ask_3__02.ogg	/Users/roti/gemini_projects/ai-player-dialogue/january_2026_batch3/output_ogg/topic_trader_ask_3__03.ogg	src/main/resources/assets/ai-player/sounds/dialogue/topic_trader_ask_3__01.ogg	src/main/resources/assets/ai-player/sounds/dialogue/topic_trader_ask_3__02.ogg	src/main/resources/assets/ai-player/sounds/dialogue/topic_trader_ask_3__03.ogg
topic_trader_memory_1	memory_callback	RARE	Remember the wandering trader? He had the vibe of a side quest.	bot.line.topic_trader_memory_1	/Users/roti/gemini_projects/ai-player-dialogue/january_2026_batch3/output_ogg/topic_trader_memory_1__01.ogg	/Users/roti/gemini_projects/ai-player-dialogue/january_2026_batch3/output_ogg/topic_trader_memory_1__02.ogg	/Users/roti/gemini_projects/ai-player-dialogue/january_2026_batch3/output_ogg/topic_trader_memory_1__03.ogg	src/main/resources/assets/ai-player/sounds/dialogue/topic_trader_memory_1__01.ogg	src/main/resources/assets/ai-player/sounds/dialogue/topic_trader_memory_1__02.ogg	src/main/resources/assets/ai-player/sounds/dialogue/topic_trader_memory_1__03.ogg
topic_trader_memory_2	memory_callback	RARE	I still think about those llamas. Professional posture.	bot.line.topic_trader_memory_2	/Users/roti/gemini_projects/ai-player-dialogue/january_2026_batch3/output_ogg/topic_trader_memory_2__01.ogg	/Users/roti/gemini_projects/ai-player-dialogue/january_2026_batch3/output_ogg/topic_trader_memory_2__02.ogg	/Users/roti/gemini_projects/ai-player-dialogue/january_2026_batch3/output_ogg/topic_trader_memory_2__03.ogg	src/main/resources/assets/ai-player/sounds/dialogue/topic_trader_memory_2__01.ogg	src/main/resources/assets/ai-player/sounds/dialogue/topic_trader_memory_2__02.ogg	src/main/resources/assets/ai-player/sounds/dialogue/topic_trader_memory_2__03.ogg
topic_llama_first	first_unlocked	COMMON	Those llamas look like they've seen things.	bot.line.topic_llama_first	/Users/roti/gemini_projects/ai-player-dialogue/january_2026_batch3/output_ogg/topic_llama_first__01.ogg	/Users/roti/gemini_projects/ai-player-dialogue/january_2026_batch3/output_ogg/topic_llama_first__02.ogg	/Users/roti/gemini_projects/ai-player-dialogue/january_2026_batch3/output_ogg/topic_llama_first__03.ogg	src/main/resources/assets/ai-player/sounds/dialogue/topic_llama_first__01.ogg	src/main/resources/assets/ai-player/sounds/dialogue/topic_llama_first__02.ogg	src/main/resources/assets/ai-player/sounds/dialogue/topic_llama_first__03.ogg
topic_llama_ask_1	ask_about	COMMON	They're not pets. They're coworkers.	bot.line.topic_llama_ask_1	/Users/roti/gemini_projects/ai-player-dialogue/january_2026_batch3/output_ogg/topic_llama_ask_1__01.ogg	/Users/roti/gemini_projects/ai-player-dialogue/january_2026_batch3/output_ogg/topic_llama_ask_1__02.ogg	/Users/roti/gemini_projects/ai-player-dialogue/january_2026_batch3/output_ogg/topic_llama_ask_1__03.ogg	src/main/resources/assets/ai-player/sounds/dialogue/topic_llama_ask_1__01.ogg	src/main/resources/assets/ai-player/sounds/dialogue/topic_llama_ask_1__02.ogg	src/main/resources/assets/ai-player/sounds/dialogue/topic_llama_ask_1__03.ogg
topic_llama_ask_2	ask_about	COMMON	If one spits at me, I'm taking it personally.	bot.line.topic_llama_ask_2	/Users/roti/gemini_projects/ai-player-dialogue/january_2026_batch3/output_ogg/topic_llama_ask_2__01.ogg	/Users/roti/gemini_projects/ai-player-dialogue/january_2026_batch3/output_ogg/topic_llama_ask_2__02.ogg	/Users/roti/gemini_projects/ai-player-dialogue/january_2026_batch3/output_ogg/topic_llama_ask_2__03.ogg	src/main/resources/assets/ai-player/sounds/dialogue/topic_llama_ask_2__01.ogg	src/main/resources/assets/ai-player/sounds/dialogue/topic_llama_ask_2__02.ogg	src/main/resources/assets/ai-player/sounds/dialogue/topic_llama_ask_2__03.ogg
topic_llama_ask_3	ask_about	COMMON	Respect the llama. Fear the llama.	bot.line.topic_llama_ask_3	/Users/roti/gemini_projects/ai-player-dialogue/january_2026_batch3/output_ogg/topic_llama_ask_3__01.ogg	/Users/roti/gemini_projects/ai-player-dialogue/january_2026_batch3/output_ogg/topic_llama_ask_3__02.ogg	/Users/roti/gemini_projects/ai-player-dialogue/january_2026_batch3/output_ogg/topic_llama_ask_3__03.ogg	src/main/resources/assets/ai-player/sounds/dialogue/topic_llama_ask_3__01.ogg	src/main/resources/assets/ai-player/sounds/dialogue/topic_llama_ask_3__02.ogg	src/main/resources/assets/ai-player/sounds/dialogue/topic_llama_ask_3__03.ogg
topic_llama_memory	memory_callback	RARE	We met a trader's llamas once. I'm still not over it.	bot.line.topic_llama_memory	/Users/roti/gemini_projects/ai-player-dialogue/january_2026_batch3/output_ogg/topic_llama_memory__01.ogg	/Users/roti/gemini_projects/ai-player-dialogue/january_2026_batch3/output_ogg/topic_llama_memory__02.ogg	/Users/roti/gemini_projects/ai-player-dialogue/january_2026_batch3/output_ogg/topic_llama_memory__03.ogg	src/main/resources/assets/ai-player/sounds/dialogue/topic_llama_memory__01.ogg	src/main/resources/assets/ai-player/sounds/dialogue/topic_llama_memory__02.ogg	src/main/resources/assets/ai-player/sounds/dialogue/topic_llama_memory__03.ogg
topic_horse_first_1	first_unlocked	COMMON	Horse acquired. Dignity restored.	bot.line.topic_horse_first_1	/Users/roti/gemini_projects/ai-player-dialogue/january_2026_batch3/output_ogg/topic_horse_first_1__01.ogg	/Users/roti/gemini_projects/ai-player-dialogue/january_2026_batch3/output_ogg/topic_horse_first_1__02.ogg	/Users/roti/gemini_projects/ai-player-dialogue/january_2026_batch3/output_ogg/topic_horse_first_1__03.ogg	src/main/resources/assets/ai-player/sounds/dialogue/topic_horse_first_1__01.ogg	src/main/resources/assets/ai-player/sounds/dialogue/topic_horse_first_1__02.ogg	src/main/resources/assets/ai-player/sounds/dialogue/topic_horse_first_1__03.ogg
topic_horse_first_2	first_unlocked	COMMON	We're doing this the classy way now.	bot.line.topic_horse_first_2	/Users/roti/gemini_projects/ai-player-dialogue/january_2026_batch3/output_ogg/topic_horse_first_2__01.ogg	/Users/roti/gemini_projects/ai-player-dialogue/january_2026_batch3/output_ogg/topic_horse_first_2__02.ogg	/Users/roti/gemini_projects/ai-player-dialogue/january_2026_batch3/output_ogg/topic_horse_first_2__03.ogg	src/main/resources/assets/ai-player/sounds/dialogue/topic_horse_first_2__01.ogg	src/main/resources/assets/ai-player/sounds/dialogue/topic_horse_first_2__02.ogg	src/main/resources/assets/ai-player/sounds/dialogue/topic_horse_first_2__03.ogg
topic_horse_ask_1	ask_about	COMMON	A horse is just faster walking with extra responsibility.	bot.line.topic_horse_ask_1	/Users/roti/gemini_projects/ai-player-dialogue/january_2026_batch3/output_ogg/topic_horse_ask_1__01.ogg	/Users/roti/gemini_projects/ai-player-dialogue/january_2026_batch3/output_ogg/topic_horse_ask_1__02.ogg	/Users/roti/gemini_projects/ai-player-dialogue/january_2026_batch3/output_ogg/topic_horse_ask_1__03.ogg	src/main/resources/assets/ai-player/sounds/dialogue/topic_horse_ask_1__01.ogg	src/main/resources/assets/ai-player/sounds/dialogue/topic_horse_ask_1__02.ogg	src/main/resources/assets/ai-player/sounds/dialogue/topic_horse_ask_1__03.ogg
topic_horse_ask_2	ask_about	COMMON	If it jumps well, we keep it. That's the law.	bot.line.topic_horse_ask_2	/Users/roti/gemini_projects/ai-player-dialogue/january_2026_batch3/output_ogg/topic_horse_ask_2__01.ogg	/Users/roti/gemini_projects/ai-player-dialogue/january_2026_batch3/output_ogg/topic_horse_ask_2__02.ogg	/Users/roti/gemini_projects/ai-player-dialogue/january_2026_batch3/output_ogg/topic_horse_ask_2__03.ogg	src/main/resources/assets/ai-player/sounds/dialogue/topic_horse_ask_2__01.ogg	src/main/resources/assets/ai-player/sounds/dialogue/topic_horse_ask_2__02.ogg	src/main/resources/assets/ai-player/sounds/dialogue/topic_horse_ask_2__03.ogg
topic_horse_memory	memory_callback	RARE	Remember our first horse? That was freedom.	bot.line.topic_horse_memory	/Users/roti/gemini_projects/ai-player-dialogue/january_2026_batch3/output_ogg/topic_horse_memory__01.ogg	/Users/roti/gemini_projects/ai-player-dialogue/january_2026_batch3/output_ogg/topic_horse_memory__02.ogg	/Users/roti/gemini_projects/ai-player-dialogue/january_2026_batch3/output_ogg/topic_horse_memory__03.ogg	src/main/resources/assets/ai-player/sounds/dialogue/topic_horse_memory__01.ogg	src/main/resources/assets/ai-player/sounds/dialogue/topic_horse_memory__02.ogg	src/main/resources/assets/ai-player/sounds/dialogue/topic_horse_memory__03.ogg
topic_donkey_first	first_unlocked	COMMON	Cargo secured.	bot.line.topic_donkey_first	/Users/roti/gemini_projects/ai-player-dialogue/january_2026_batch3/output_ogg/topic_donkey_first__01.ogg	/Users/roti/gemini_projects/ai-player-dialogue/january_2026_batch3/output_ogg/topic_donkey_first__02.ogg	/Users/roti/gemini_projects/ai-player-dialogue/january_2026_batch3/output_ogg/topic_donkey_first__03.ogg	src/main/resources/assets/ai-player/sounds/dialogue/topic_donkey_first__01.ogg	src/main/resources/assets/ai-player/sounds/dialogue/topic_donkey_first__02.ogg	src/main/resources/assets/ai-player/sounds/dialogue/topic_donkey_first__03.ogg
topic_donkey_ask_1	ask_about	COMMON	They're not fast, but they're reliable.	bot.line.topic_donkey_ask_1	/Users/roti/gemini_projects/ai-player-dialogue/january_2026_batch3/output_ogg/topic_donkey_ask_1__01.ogg	/Users/roti/gemini_projects/ai-player-dialogue/january_2026_batch3/output_ogg/topic_donkey_ask_1__02.ogg	/Users/roti/gemini_projects/ai-player-dialogue/january_2026_batch3/output_ogg/topic_donkey_ask_1__03.ogg	src/main/resources/assets/ai-player/sounds/dialogue/topic_donkey_ask_1__01.ogg	src/main/resources/assets/ai-player/sounds/dialogue/topic_donkey_ask_1__02.ogg	src/main/resources/assets/ai-player/sounds/dialogue/topic_donkey_ask_1__03.ogg
topic_donkey_memory	memory_callback	RARE	That donkey carried half our life on its back.	bot.line.topic_donkey_memory	/Users/roti/gemini_projects/ai-player-dialogue/january_2026_batch3/output_ogg/topic_donkey_memory__01.ogg	/Users/roti/gemini_projects/ai-player-dialogue/january_2026_batch3/output_ogg/topic_donkey_memory__02.ogg	/Users/roti/gemini_projects/ai-player-dialogue/january_2026_batch3/output_ogg/topic_donkey_memory__03.ogg	src/main/resources/assets/ai-player/sounds/dialogue/topic_donkey_memory__01.ogg	src/main/resources/assets/ai-player/sounds/dialogue/topic_donkey_memory__02.ogg	src/main/resources/assets/ai-player/sounds/dialogue/topic_donkey_memory__03.ogg
topic_camel_first_1	first_unlocked	COMMON	We're riding a camel. That's real life now.	bot.line.topic_camel_first_1	/Users/roti/gemini_projects/ai-player-dialogue/january_2026_batch3/output_ogg/topic_camel_first_1__01.ogg	/Users/roti/gemini_projects/ai-player-dialogue/january_2026_batch3/output_ogg/topic_camel_first_1__02.ogg	/Users/roti/gemini_projects/ai-player-dialogue/january_2026_batch3/output_ogg/topic_camel_first_1__03.ogg	src/main/resources/assets/ai-player/sounds/dialogue/topic_camel_first_1__01.ogg	src/main/resources/assets/ai-player/sounds/dialogue/topic_camel_first_1__02.ogg	src/main/resources/assets/ai-player/sounds/dialogue/topic_camel_first_1__03.ogg
topic_camel_first_2	first_unlocked	COMMON	Two seats. Bad ideas made easier.	bot.line.topic_camel_first_2	/Users/roti/gemini_projects/ai-player-dialogue/january_2026_batch3/output_ogg/topic_camel_first_2__01.ogg	/Users/roti/gemini_projects/ai-player-dialogue/january_2026_batch3/output_ogg/topic_camel_first_2__02.ogg	/Users/roti/gemini_projects/ai-player-dialogue/january_2026_batch3/output_ogg/topic_camel_first_2__03.ogg	src/main/resources/assets/ai-player/sounds/dialogue/topic_camel_first_2__01.ogg	src/main/resources/assets/ai-player/sounds/dialogue/topic_camel_first_2__02.ogg	src/main/resources/assets/ai-player/sounds/dialogue/topic_camel_first_2__03.ogg
topic_camel_ask_1	ask_about	COMMON	This is a desert taxi with attitude.	bot.line.topic_camel_ask_1	/Users/roti/gemini_projects/ai-player-dialogue/january_2026_batch3/output_ogg/topic_camel_ask_1__01.ogg	/Users/roti/gemini_projects/ai-player-dialogue/january_2026_batch3/output_ogg/topic_camel_ask_1__02.ogg	/Users/roti/gemini_projects/ai-player-dialogue/january_2026_batch3/output_ogg/topic_camel_ask_1__03.ogg	src/main/resources/assets/ai-player/sounds/dialogue/topic_camel_ask_1__01.ogg	src/main/resources/assets/ai-player/sounds/dialogue/topic_camel_ask_1__02.ogg	src/main/resources/assets/ai-player/sounds/dialogue/topic_camel_ask_1__03.ogg
topic_camel_ask_2	ask_about	COMMON	If we get ambushed, we're leaving with style.	bot.line.topic_camel_ask_2	/Users/roti/gemini_projects/ai-player-dialogue/january_2026_batch3/output_ogg/topic_camel_ask_2__01.ogg	/Users/roti/gemini_projects/ai-player-dialogue/january_2026_batch3/output_ogg/topic_camel_ask_2__02.ogg	/Users/roti/gemini_projects/ai-player-dialogue/january_2026_batch3/output_ogg/topic_camel_ask_2__03.ogg	src/main/resources/assets/ai-player/sounds/dialogue/topic_camel_ask_2__01.ogg	src/main/resources/assets/ai-player/sounds/dialogue/topic_camel_ask_2__02.ogg	src/main/resources/assets/ai-player/sounds/dialogue/topic_camel_ask_2__03.ogg
topic_camel_memory	memory_callback	RARE	That camel ride felt like a victory lap.	bot.line.topic_camel_memory	/Users/roti/gemini_projects/ai-player-dialogue/january_2026_batch3/output_ogg/topic_camel_memory__01.ogg	/Users/roti/gemini_projects/ai-player-dialogue/january_2026_batch3/output_ogg/topic_camel_memory__02.ogg	/Users/roti/gemini_projects/ai-player-dialogue/january_2026_batch3/output_ogg/topic_camel_memory__03.ogg	src/main/resources/assets/ai-player/sounds/dialogue/topic_camel_memory__01.ogg	src/main/resources/assets/ai-player/sounds/dialogue/topic_camel_memory__02.ogg	src/main/resources/assets/ai-player/sounds/dialogue/topic_camel_memory__03.ogg
topic_strider_first_1	first_unlocked	COMMON	We are walking on lava. Normal day.	bot.line.topic_strider_first_1	/Users/roti/gemini_projects/ai-player-dialogue/january_2026_batch3/output_ogg/topic_strider_first_1__01.ogg	/Users/roti/gemini_projects/ai-player-dialogue/january_2026_batch3/output_ogg/topic_strider_first_1__02.ogg	/Users/roti/gemini_projects/ai-player-dialogue/january_2026_batch3/output_ogg/topic_strider_first_1__03.ogg	src/main/resources/assets/ai-player/sounds/dialogue/topic_strider_first_1__01.ogg	src/main/resources/assets/ai-player/sounds/dialogue/topic_strider_first_1__02.ogg	src/main/resources/assets/ai-player/sounds/dialogue/topic_strider_first_1__03.ogg
topic_strider_first_2	first_unlocked	COMMON	Strider online. Nether commute unlocked.	bot.line.topic_strider_first_2	/Users/roti/gemini_projects/ai-player-dialogue/january_2026_batch3/output_ogg/topic_strider_first_2__01.ogg	/Users/roti/gemini_projects/ai-player-dialogue/january_2026_batch3/output_ogg/topic_strider_first_2__02.ogg	/Users/roti/gemini_projects/ai-player-dialogue/january_2026_batch3/output_ogg/topic_strider_first_2__03.ogg	src/main/resources/assets/ai-player/sounds/dialogue/topic_strider_first_2__01.ogg	src/main/resources/assets/ai-player/sounds/dialogue/topic_strider_first_2__02.ogg	src/main/resources/assets/ai-player/sounds/dialogue/topic_strider_first_2__03.ogg
topic_strider_ask_1	ask_about	COMMON	If it stops moving, we're history.	bot.line.topic_strider_ask_1	/Users/roti/gemini_projects/ai-player-dialogue/january_2026_batch3/output_ogg/topic_strider_ask_1__01.ogg	/Users/roti/gemini_projects/ai-player-dialogue/january_2026_batch3/output_ogg/topic_strider_ask_1__02.ogg	/Users/roti/gemini_projects/ai-player-dialogue/january_2026_batch3/output_ogg/topic_strider_ask_1__03.ogg	src/main/resources/assets/ai-player/sounds/dialogue/topic_strider_ask_1__01.ogg	src/main/resources/assets/ai-player/sounds/dialogue/topic_strider_ask_1__02.ogg	src/main/resources/assets/ai-player/sounds/dialogue/topic_strider_ask_1__03.ogg
topic_strider_ask_2	ask_about	COMMON	Warped fungus on a stick is the weirdest steering wheel.	bot.line.topic_strider_ask_2	/Users/roti/gemini_projects/ai-player-dialogue/january_2026_batch3/output_ogg/topic_strider_ask_2__01.ogg	/Users/roti/gemini_projects/ai-player-dialogue/january_2026_batch3/output_ogg/topic_strider_ask_2__02.ogg	/Users/roti/gemini_projects/ai-player-dialogue/january_2026_batch3/output_ogg/topic_strider_ask_2__03.ogg	src/main/resources/assets/ai-player/sounds/dialogue/topic_strider_ask_2__01.ogg	src/main/resources/assets/ai-player/sounds/dialogue/topic_strider_ask_2__02.ogg	src/main/resources/assets/ai-player/sounds/dialogue/topic_strider_ask_2__03.ogg
topic_strider_memory	memory_callback	RARE	That first lava ride felt illegal.	bot.line.topic_strider_memory	/Users/roti/gemini_projects/ai-player-dialogue/january_2026_batch3/output_ogg/topic_strider_memory__01.ogg	/Users/roti/gemini_projects/ai-player-dialogue/january_2026_batch3/output_ogg/topic_strider_memory__02.ogg	/Users/roti/gemini_projects/ai-player-dialogue/january_2026_batch3/output_ogg/topic_strider_memory__03.ogg	src/main/resources/assets/ai-player/sounds/dialogue/topic_strider_memory__01.ogg	src/main/resources/assets/ai-player/sounds/dialogue/topic_strider_memory__02.ogg	src/main/resources/assets/ai-player/sounds/dialogue/topic_strider_memory__03.ogg
topic_minecart_first	first_unlocked	COMMON	Nice, a minecart.	bot.line.topic_minecart_first	/Users/roti/gemini_projects/ai-player-dialogue/january_2026_batch3/output_ogg/topic_minecart_first__01.ogg	/Users/roti/gemini_projects/ai-player-dialogue/january_2026_batch3/output_ogg/topic_minecart_first__02.ogg	/Users/roti/gemini_projects/ai-player-dialogue/january_2026_batch3/output_ogg/topic_minecart_first__03.ogg	src/main/resources/assets/ai-player/sounds/dialogue/topic_minecart_first__01.ogg	src/main/resources/assets/ai-player/sounds/dialogue/topic_minecart_first__02.ogg	src/main/resources/assets/ai-player/sounds/dialogue/topic_minecart_first__03.ogg
topic_minecart_ask_1	ask_about	COMMON	Nothing says progress like building rails through a mountain.	bot.line.topic_minecart_ask_1	/Users/roti/gemini_projects/ai-player-dialogue/january_2026_batch3/output_ogg/topic_minecart_ask_1__01.ogg	/Users/roti/gemini_projects/ai-player-dialogue/january_2026_batch3/output_ogg/topic_minecart_ask_1__02.ogg	/Users/roti/gemini_projects/ai-player-dialogue/january_2026_batch3/output_ogg/topic_minecart_ask_1__03.ogg	src/main/resources/assets/ai-player/sounds/dialogue/topic_minecart_ask_1__01.ogg	src/main/resources/assets/ai-player/sounds/dialogue/topic_minecart_ask_1__02.ogg	src/main/resources/assets/ai-player/sounds/dialogue/topic_minecart_ask_1__03.ogg
topic_minecart_ask_2	ask_about	COMMON	If we derail, we pretend it's a feature.	bot.line.topic_minecart_ask_2	/Users/roti/gemini_projects/ai-player-dialogue/january_2026_batch3/output_ogg/topic_minecart_ask_2__01.ogg	/Users/roti/gemini_projects/ai-player-dialogue/january_2026_batch3/output_ogg/topic_minecart_ask_2__02.ogg	/Users/roti/gemini_projects/ai-player-dialogue/january_2026_batch3/output_ogg/topic_minecart_ask_2__03.ogg	src/main/resources/assets/ai-player/sounds/dialogue/topic_minecart_ask_2__01.ogg	src/main/resources/assets/ai-player/sounds/dialogue/topic_minecart_ask_2__02.ogg	src/main/resources/assets/ai-player/sounds/dialogue/topic_minecart_ask_2__03.ogg
topic_minecart_memory	memory_callback	RARE	We built infrastructure. Like adults.	bot.line.topic_minecart_memory	/Users/roti/gemini_projects/ai-player-dialogue/january_2026_batch3/output_ogg/topic_minecart_memory__01.ogg	/Users/roti/gemini_projects/ai-player-dialogue/january_2026_batch3/output_ogg/topic_minecart_memory__02.ogg	/Users/roti/gemini_projects/ai-player-dialogue/january_2026_batch3/output_ogg/topic_minecart_memory__03.ogg	src/main/resources/assets/ai-player/sounds/dialogue/topic_minecart_memory__01.ogg	src/main/resources/assets/ai-player/sounds/dialogue/topic_minecart_memory__02.ogg	src/main/resources/assets/ai-player/sounds/dialogue/topic_minecart_memory__03.ogg
topic_elytra_first	first_unlocked	COMMON	We can fly. This will not improve our judgment.	bot.line.topic_elytra_first	/Users/roti/gemini_projects/ai-player-dialogue/january_2026_batch3/output_ogg/topic_elytra_first__01.ogg	/Users/roti/gemini_projects/ai-player-dialogue/january_2026_batch3/output_ogg/topic_elytra_first__02.ogg	/Users/roti/gemini_projects/ai-player-dialogue/january_2026_batch3/output_ogg/topic_elytra_first__03.ogg	src/main/resources/assets/ai-player/sounds/dialogue/topic_elytra_first__01.ogg	src/main/resources/assets/ai-player/sounds/dialogue/topic_elytra_first__02.ogg	src/main/resources/assets/ai-player/sounds/dialogue/topic_elytra_first__03.ogg
topic_elytra_ask_1	ask_about	COMMON	Fireworks are just controlled panic.	bot.line.topic_elytra_ask_1	/Users/roti/gemini_projects/ai-player-dialogue/january_2026_batch3/output_ogg/topic_elytra_ask_1__01.ogg	/Users/roti/gemini_projects/ai-player-dialogue/january_2026_batch3/output_ogg/topic_elytra_ask_1__02.ogg	/Users/roti/gemini_projects/ai-player-dialogue/january_2026_batch3/output_ogg/topic_elytra_ask_1__03.ogg	src/main/resources/assets/ai-player/sounds/dialogue/topic_elytra_ask_1__01.ogg	src/main/resources/assets/ai-player/sounds/dialogue/topic_elytra_ask_1__02.ogg	src/main/resources/assets/ai-player/sounds/dialogue/topic_elytra_ask_1__03.ogg
topic_elytra_ask_2	ask_about	COMMON	Don't aim at trees. Trees always win.	bot.line.topic_elytra_ask_2	/Users/roti/gemini_projects/ai-player-dialogue/january_2026_batch3/output_ogg/topic_elytra_ask_2__01.ogg	/Users/roti/gemini_projects/ai-player-dialogue/january_2026_batch3/output_ogg/topic_elytra_ask_2__02.ogg	/Users/roti/gemini_projects/ai-player-dialogue/january_2026_batch3/output_ogg/topic_elytra_ask_2__03.ogg	src/main/resources/assets/ai-player/sounds/dialogue/topic_elytra_ask_2__01.ogg	src/main/resources/assets/ai-player/sounds/dialogue/topic_elytra_ask_2__02.ogg	src/main/resources/assets/ai-player/sounds/dialogue/topic_elytra_ask_2__03.ogg
topic_elytra_memory	memory_callback	RARE	First flight was pure confidence.	bot.line.topic_elytra_memory	/Users/roti/gemini_projects/ai-player-dialogue/january_2026_batch3/output_ogg/topic_elytra_memory__01.ogg	/Users/roti/gemini_projects/ai-player-dialogue/january_2026_batch3/output_ogg/topic_elytra_memory__02.ogg	/Users/roti/gemini_projects/ai-player-dialogue/january_2026_batch3/output_ogg/topic_elytra_memory__03.ogg	src/main/resources/assets/ai-player/sounds/dialogue/topic_elytra_memory__01.ogg	src/main/resources/assets/ai-player/sounds/dialogue/topic_elytra_memory__02.ogg	src/main/resources/assets/ai-player/sounds/dialogue/topic_elytra_memory__03.ogg
